/*Tabela MoradorDeRua*/
INSERT INTO tMoradorDeRua
    VALUES(06955111458, 'HENRIQUE', TO_DATE('28/04/2001','dd/mm/yyyy'), TO_DATE('30/11/2021','dd/mm/yyyy'), 'M', 'FUNDAMENTAL');

INSERT INTO tMoradorDeRua
    VALUES(06955587600, 'LADY GAGA', TO_DATE('12/07/1985','dd/mm/yyyy'), TO_DATE('15/06/2017','dd/mm/yyyy'), 'F', 'SUPERIOR COMPLETO');

INSERT INTO tMoradorDeRua
    VALUES(03557111454, 'KEANU REEVES', TO_DATE('02/08/1950','dd/mm/yyyy'), TO_DATE('01/12/2021','dd/mm/yyyy'), 'M', 'MEDIO');

INSERT INTO tMoradorDeRua
    VALUES(01467587600, 'IVETE SANGALO', TO_DATE('12/07/1976','dd/mm/yyyy'), TO_DATE('09/01/2020','dd/mm/yyyy'), 'F', 'FUNDAMENTAL COMPLETO');

INSERT INTO tMoradorDeRua
    VALUES(01467192700, 'JACK DORSEY', TO_DATE('12/07/1976','dd/mm/yyyy'), TO_DATE('01/12/2021','dd/mm/yyyy'), 'M', 'MEDIO COMPLETO');

/*Tabela Alergias*/
INSERT INTO tAlergias
    VALUES(06955111458, 'POEIRA, IBUPROFENO');

INSERT INTO tAlergias
    VALUES(01467587600, 'UVA, AMOXICILINA, NOZES');

/*Tabela Habilidades*/ /*por hora: 0<habilidades<10*/
INSERT INTO tHabilidades
    VALUES(06955111458, 4);

INSERT INTO tHabilidades
    VALUES(01467587600,8);

INSERT INTO tHabilidades
    VALUES(03557111454, 6);

INSERT INTO tHabilidades
    VALUES(06955587600, 6);

INSERT INTO tHabilidades
    VALUES(01467192700, 4);


/*Tabela Instituição*/
INSERT INTO tInstituicao
    VALUES(29283948625874, 'PPL MALL', 13560980, 'SP', 'CAMPINAS', 'AV BRASIL', 57);

INSERT INTO tInstituicao
    VALUES(29210000625874, 'NGN ASSESSORIAS', 68960980, 'SP', 'CAMPINAS', 'RUA PRINCESA ISABEL', 1298);

INSERT INTO tInstituicao
    VALUES(48512369745214, 'SLP ABRIGOS SEDE', 78459678, 'SP', 'CAMPINAS', 'AV AFONSO PENA', 2240);

INSERT INTO tInstituicao
    VALUES(48512369745215, 'SLP ABRIGOS 2', 78458645, 'SP', 'CAMPINAS', 'AV MATO GROSSO', 220);

INSERT INTO tInstituicao
    VALUES(48512369745216, 'SLP ABRIGOS 3', 78465632, 'SP', 'CAMPINAS', 'RUA ERNESTO GEISEL', 2240);

INSERT INTO tInstituicao
    VALUES(05948237295069, 'MEDCLIN CLINICA', 15940796, 'SP', 'CAMPINAS', 'AV DOM PEDRO I', 6790);

INSERT INTO tInstituicao
    VALUES(74587521681254, 'MACGYVER BEAUTY', 14785629, 'SP', 'CAMPINAS', 'AV FLORESTAL', 500);

INSERT INTO tInstituicao
    VALUES(75716251241845, 'MFM EMPRENTEIRAS', 47846069, 'SP', 'CAMPINAS', 'AV YOKOHAMA', 1236);

INSERT INTO tInstituicao
    VALUES(74575892361254, 'FREE LANCERS HTR', 14775982, 'SP', 'CAMPINAS', 'RUA JASMELINDA', 168);

INSERT INTO tInstituicao
    VALUES(14785236995123, 'SUPPPLYS', 45879632, 'SP', 'CAMPINAS', 'RUA JASMELINDA', 168);

INSERT INTO tInstituicao
    VALUES(98230679583729, 'SUPRIMENTOS SA', 20695849, 'SP', 'CAMPINAS', 'RUA PRESIDENTE VARGAS', 557);

/*Tabela TipoInstituicao*/
INSERT INTO tTipoInstituicao
    VALUES(29283948625874, 'EMPRESA');

INSERT INTO tTipoInstituicao
    VALUES(29210000625874, 'EMPRESA');

INSERT INTO tTipoInstituicao
    VALUES(48512369745214, 'DORMITORIO');

INSERT INTO tTipoInstituicao
    VALUES(48512369745215, 'DORMITORIO');

INSERT INTO tTipoInstituicao
    VALUES(48512369745216, 'DORMITORIO');

INSERT INTO tTipoInstituicao
    VALUES(05948237295069, 'EMPRESA');

INSERT INTO tTipoInstituicao
    VALUES(74587521681254, 'EMPRESA');

INSERT INTO tTipoInstituicao
    VALUES(75716251241845, 'EMPRESA');

INSERT INTO tTipoInstituicao
    VALUES(74575892361254, 'EMPRESA');

INSERT INTO tTipoInstituicao
    VALUES(14785236995123, 'PONTO DE COLETA');

INSERT INTO tTipoInstituicao
    VALUES(98230679583729, 'PONTO DE COLETA');

 /*Tabela TipoEmpresa*/
INSERT INTO tTipoEmpresa
    VALUES(29283948625874, 'PRIVADA');

INSERT INTO tTipoEmpresa
    VALUES(29210000625874, 'ASSESSORIA');

INSERT INTO tTipoEmpresa
    VALUES(05948237295069, 'PRIVADA');

INSERT INTO tTipoEmpresa
    VALUES(74587521681254, 'PRIVADA');

INSERT INTO tTipoEmpresa
    VALUES(75716251241845, 'PRIVADA');

INSERT INTO tTipoEmpresa
    VALUES(74575892361254, 'PRIVADA');

/*Tabela Privada*/
INSERT INTO tPrivada
    VALUES(29283948625874);

INSERT INTO tPrivada
    VALUES(05948237295069);

INSERT INTO tPrivada
    VALUES(74587521681254);

INSERT INTO tPrivada
    VALUES(75716251241845);

INSERT INTO tPrivada
    VALUES(74575892361254);

/*
    tConsulta(
    id NUMBER NOT NULL,
    Assessoria NUMBER NOT NULL,
    MoradorDeRua NUMBER NOT NULL,
    DataConsuta DATE NOT NULL,
    Categoria VARCHAR(30),
*/
INSERT INTO tConsulta
    VALUES(001, 29210000625874, 06955111458, TO_DATE('30/11/2021','dd/mm/yyyy'), 'SERVICO');
    
INSERT INTO tConsulta
    VALUES(002, 29210000625874, 03557111454, TO_DATE('15/07/2015','dd/mm/yyy'), 'DENTISTA')

INSERT INTO tConsulta
    VALUES(003, 29210000625874, 01467587600, TO_DATE('30/11/2021','dd/mm/yyyy'), 'SERVICO');
    
INSERT INTO tConsulta
    VALUES(004, 29210000625874, 01467192700, TO_DATE('30/11/2021','dd/mm/yyyy'), 'SERVICO')

/*Tabela Atendimento
    id NUMBER NOT NULL,
    Privada NUMBER NOT NULL,
    MoradorDeRua NUMBER NOT NULL,
    DataAtendimento DATE NOT NULL,
    Nome VARCHAR(30) NOT NULL,
    Categoria VARCHAR(30),
*/
INSERT INTO tAtendimento
    VALUES(1, )